SQL> SELECT A
  2   FROM ASIGNATURA NATURAL JOIN AREA
  3   WHERE AR LIKE 'A%';

A                                                                                                                                                                                                                                                                                                                                                                                                                                                                                                                                                                                                                       
--------------------------------------------------                                                                                                                                                                                                                                                                                                                                                                                                                                                                                                                                                                      
ALGEBRA                                                                                                                                                                                                                                                                                                                                                                                                                                                                                                                                                                                                                 
ASTRONOMIA                                                                                                                                                                                                                                                                                                                                                                                                                                                                                                                                                                                                              
ANALISIS COMPLEJO                                                                                                                                                                                                                                                                                                                                                                                                                                                                                                                                                                                                       

SQL>  SELECT A
  2   FROM ASIGNATURA NATURAL JOIN AREA
  3   WHERE AR LIKE '%A';

A                                                                                                                                                                                                                                                                                                                                                                                                                                                                                                                                                                                                                       
--------------------------------------------------                                                                                                                                                                                                                                                                                                                                                                                                                                                                                                                                                                      
ALGEBRA                                                                                                                                                                                                                                                                                                                                                                                                                                                                                                                                                                                                                 
CALCULO                                                                                                                                                                                                                                                                                                                                                                                                                                                                                                                                                                                                                 
OPTIMIZACION                                                                                                                                                                                                                                                                                                                                                                                                                                                                                                                                                                                                            
ASTRONOMIA                                                                                                                                                                                                                                                                                                                                                                                                                                                                                                                                                                                                              
ENSENANZA DE LA MATEMATICA                                                                                                                                                                                                                                                                                                                                                                                                                                                                                                                                                                                              

SQL> 
SQL>  SELECT A
  2   FROM ASIGNATURA
  3   WHERE A LIKE '%DATOS%';

A                                                                                                                                                                                                                                                                                                                                                                                                                                                                                                                                                                                                                       
--------------------------------------------------                                                                                                                                                                                                                                                                                                                                                                                                                                                                                                                                                                      
BASES DE DATOS                                                                                                                                                                                                                                                                                                                                                                                                                                                                                                                                                                                                          
ALMACENES DE DATOS                                                                                                                                                                                                                                                                                                                                                                                                                                                                                                                                                                                                      
MINERIA DE DATOS                                                                                                                                                                                                                                                                                                                                                                                                                                                                                                                                                                                                        

SQL> 
SQL>  SELECT DNI
  2   FROM PROFESOR
  3   WHERE P LIKE '__R%';

       DNI                                                                                                                                                                                                                                                                                                                                                                                                                                                                                                                                                                                                              
----------                                                                                                                                                                                                                                                                                                                                                                                                                                                                                                                                                                                                              
      2222                                                                                                                                                                                                                                                                                                                                                                                                                                                                                                                                                                                                              
      4444                                                                                                                                                                                                                                                                                                                                                                                                                                                                                                                                                                                                              
      6666                                                                                                                                                                                                                                                                                                                                                                                                                                                                                                                                                                                                              
      7777                                                                                                                                                                                                                                                                                                                                                                                                                                                                                                                                                                                                              

SQL>  SELECT DNI
  2   FROM PROFESOR
  3   WHERE P NOT LIKE '______%';

       DNI                                                                                                                                                                                                                                                                                                                                                                                                                                                                                                                                                                                                              
----------                                                                                                                                                                                                                                                                                                                                                                                                                                                                                                                                                                                                              
      1111                                                                                                                                                                                                                                                                                                                                                                                                                                                                                                                                                                                                              
      3333                                                                                                                                                                                                                                                                                                                                                                                                                                                                                                                                                                                                              
      4444                                                                                                                                                                                                                                                                                                                                                                                                                                                                                                                                                                                                              
      5555                                                                                                                                                                                                                                                                                                                                                                                                                                                                                                                                                                                                              
      7777                                                                                                                                                                                                                                                                                                                                                                                                                                                                                                                                                                                                              
      1010                                                                                                                                                                                                                                                                                                                                                                                                                                                                                                                                                                                                              

6 rows selected.

SQL> 
SQL>  SELECT DISTINCT DNI
  2   FROM PROFESOR
  3   WHERE P LIKE '_____%';

       DNI                                                                                                                                                                                                                                                                                                                                                                                                                                                                                                                                                                                                              
----------                                                                                                                                                                                                                                                                                                                                                                                                                                                                                                                                                                                                              
      2222                                                                                                                                                                                                                                                                                                                                                                                                                                                                                                                                                                                                              
      3333                                                                                                                                                                                                                                                                                                                                                                                                                                                                                                                                                                                                              
      4444                                                                                                                                                                                                                                                                                                                                                                                                                                                                                                                                                                                                              
      6666                                                                                                                                                                                                                                                                                                                                                                                                                                                                                                                                                                                                              
      7777                                                                                                                                                                                                                                                                                                                                                                                                                                                                                                                                                                                                              
      8888                                                                                                                                                                                                                                                                                                                                                                                                                                                                                                                                                                                                              
      9999                                                                                                                                                                                                                                                                                                                                                                                                                                                                                                                                                                                                              
      1010                                                                                                                                                                                                                                                                                                                                                                                                                                                                                                                                                                                                              
      2020                                                                                                                                                                                                                                                                                                                                                                                                                                                                                                                                                                                                              
      3030                                                                                                                                                                                                                                                                                                                                                                                                                                                                                                                                                                                                              

10 rows selected.

SQL> 
SQL>  SELECT DISTINCT P
  2   FROM PROFESOR NATURAL JOIN PLAN_DOCENTE
  3   WHERE FF IS NULL;

P                                                                                                                                                                                                                                                                                                                                                                                                                                                                                                                                                                                                                       
------------------------------------------------------------                                                                                                                                                                                                                                                                                                                                                                                                                                                                                                                                                            
MARIO                                                                                                                                                                                                                                                                                                                                                                                                                                                                                                                                                                                                                   
JUAN                                                                                                                                                                                                                                                                                                                                                                                                                                                                                                                                                                                                                    
PEDRO                                                                                                                                                                                                                                                                                                                                                                                                                                                                                                                                                                                                                   
FRANCISCO                                                                                                                                                                                                                                                                                                                                                                                                                                                                                                                                                                                                               
SOLEDAD                                                                                                                                                                                                                                                                                                                                                                                                                                                                                                                                                                                                                 
CARLOS                                                                                                                                                                                                                                                                                                                                                                                                                                                                                                                                                                                                                  
IVAN                                                                                                                                                                                                                                                                                                                                                                                                                                                                                                                                                                                                                    
DAVID                                                                                                                                                                                                                                                                                                                                                                                                                                                                                                                                                                                                                   
MARIA                                                                                                                                                                                                                                                                                                                                                                                                                                                                                                                                                                                                                   
JOSE MANUEL                                                                                                                                                                                                                                                                                                                                                                                                                                                                                                                                                                                                             
ANGELA                                                                                                                                                                                                                                                                                                                                                                                                                                                                                                                                                                                                                  

11 rows selected.

SQL> 
SQL>  SELECT DISTINCT P FROM PLAN_DOCENTE NATURAL JOIN PROFESOR
  2   WHERE CAS=8;

P                                                                                                                                                                                                                                                                                                                                                                                                                                                                                                                                                                                                                       
------------------------------------------------------------                                                                                                                                                                                                                                                                                                                                                                                                                                                                                                                                                            
JUAN                                                                                                                                                                                                                                                                                                                                                                                                                                                                                                                                                                                                                    
JOSE MANUEL                                                                                                                                                                                                                                                                                                                                                                                                                                                                                                                                                                                                             

SQL>  SELECT *
  2   FROM PLAN_DOCENTE
  3   ORDER BY FF;

       DNI        CAS        CTA        CPA        CLA FI        FF                                                                                                                                                                                                                                                                                                                                                                                                                                                                                                                                                     
---------- ---------- ---------- ---------- ---------- --------- ---------                                                                                                                                                                                                                                                                                                                                                                                                                                                                                                                                              
      2222          3        1.5          0        1.5 01-SEP-06 31-AUG-07                                                                                                                                                                                                                                                                                                                                                                                                                                                                                                                                              
      1010          2        1.5        1.5          3 01-SEP-05 31-AUG-08                                                                                                                                                                                                                                                                                                                                                                                                                                                                                                                                              
      1010          9          3          0          3 01-SEP-08 31-AUG-09                                                                                                                                                                                                                                                                                                                                                                                                                                                                                                                                              
      1111          8          3        1.5        1.5 01-SEP-07 31-AUG-09                                                                                                                                                                                                                                                                                                                                                                                                                                                                                                                                              
      4444          4        1.5          0        1.5 01-SEP-08 31-AUG-10                                                                                                                                                                                                                                                                                                                                                                                                                                                                                                                                              
      6666         10          3        1.5        1.5 01-SEP-08 31-AUG-11                                                                                                                                                                                                                                                                                                                                                                                                                                                                                                                                              
      1010          9        1.5          0        1.5 01-SEP-09                                                                                                                                                                                                                                                                                                                                                                                                                                                                                                                                                        
      9999          7          3          3          0 01-SEP-10                                                                                                                                                                                                                                                                                                                                                                                                                                                                                                                                                        
      5555          6          3          3          0 31-MAR-10                                                                                                                                                                                                                                                                                                                                                                                                                                                                                                                                                        
      8888         11          6          0          0 01-SEP-09                                                                                                                                                                                                                                                                                                                                                                                                                                                                                                                                                        
      2020          3        1.5          0        1.5 01-SEP-08                                                                                                                                                                                                                                                                                                                                                                                                                                                                                                                                                        

       DNI        CAS        CTA        CPA        CLA FI        FF                                                                                                                                                                                                                                                                                                                                                                                                                                                                                                                                                     
---------- ---------- ---------- ---------- ---------- --------- ---------                                                                                                                                                                                                                                                                                                                                                                                                                                                                                                                                              
      7777         12        4.5          3          0 01-SEP-10                                                                                                                                                                                                                                                                                                                                                                                                                                                                                                                                                        
      3333          9        1.5          0        1.5 01-SEP-09                                                                                                                                                                                                                                                                                                                                                                                                                                                                                                                                                        
      2222          4        1.5          0        1.5 01-SEP-09                                                                                                                                                                                                                                                                                                                                                                                                                                                                                                                                                        
      3030          8          0        1.5        1.5 01-SEP-09                                                                                                                                                                                                                                                                                                                                                                                                                                                                                                                                                        
      1111          8          3          0          0 01-SEP-09                                                                                                                                                                                                                                                                                                                                                                                                                                                                                                                                                        
      4444          5          3          0          0 01-SEP-10                                                                                                                                                                                                                                                                                                                                                                                                                                                                                                                                                        
      4444          1          3        1.5        1.5 01-SEP-11                                                                                                                                                                                                                                                                                                                                                                                                                                                                                                                                                        
      3333          2        1.5        1.5          3 01-SEP-08                                                                                                                                                                                                                                                                                                                                                                                                                                                                                                                                                        

19 rows selected.

SQL> 
SQL>  SELECT *
  2   FROM PLAN_DOCENTE
  3  ORDER BY FF DESC;

       DNI        CAS        CTA        CPA        CLA FI        FF                                                                                                                                                                                                                                                                                                                                                                                                                                                                                                                                                     
---------- ---------- ---------- ---------- ---------- --------- ---------                                                                                                                                                                                                                                                                                                                                                                                                                                                                                                                                              
      4444          1          3        1.5        1.5 01-SEP-11                                                                                                                                                                                                                                                                                                                                                                                                                                                                                                                                                        
      3333          2        1.5        1.5          3 01-SEP-08                                                                                                                                                                                                                                                                                                                                                                                                                                                                                                                                                        
      7777         12        4.5          3          0 01-SEP-10                                                                                                                                                                                                                                                                                                                                                                                                                                                                                                                                                        
      2020          3        1.5          0        1.5 01-SEP-08                                                                                                                                                                                                                                                                                                                                                                                                                                                                                                                                                        
      8888         11          6          0          0 01-SEP-09                                                                                                                                                                                                                                                                                                                                                                                                                                                                                                                                                        
      5555          6          3          3          0 31-MAR-10                                                                                                                                                                                                                                                                                                                                                                                                                                                                                                                                                        
      9999          7          3          3          0 01-SEP-10                                                                                                                                                                                                                                                                                                                                                                                                                                                                                                                                                        
      4444          5          3          0          0 01-SEP-10                                                                                                                                                                                                                                                                                                                                                                                                                                                                                                                                                        
      1111          8          3          0          0 01-SEP-09                                                                                                                                                                                                                                                                                                                                                                                                                                                                                                                                                        
      3030          8          0        1.5        1.5 01-SEP-09                                                                                                                                                                                                                                                                                                                                                                                                                                                                                                                                                        
      2222          4        1.5          0        1.5 01-SEP-09                                                                                                                                                                                                                                                                                                                                                                                                                                                                                                                                                        

       DNI        CAS        CTA        CPA        CLA FI        FF                                                                                                                                                                                                                                                                                                                                                                                                                                                                                                                                                     
---------- ---------- ---------- ---------- ---------- --------- ---------                                                                                                                                                                                                                                                                                                                                                                                                                                                                                                                                              
      3333          9        1.5          0        1.5 01-SEP-09                                                                                                                                                                                                                                                                                                                                                                                                                                                                                                                                                        
      1010          9        1.5          0        1.5 01-SEP-09                                                                                                                                                                                                                                                                                                                                                                                                                                                                                                                                                        
      6666         10          3        1.5        1.5 01-SEP-08 31-AUG-11                                                                                                                                                                                                                                                                                                                                                                                                                                                                                                                                              
      4444          4        1.5          0        1.5 01-SEP-08 31-AUG-10                                                                                                                                                                                                                                                                                                                                                                                                                                                                                                                                              
      1010          9          3          0          3 01-SEP-08 31-AUG-09                                                                                                                                                                                                                                                                                                                                                                                                                                                                                                                                              
      1111          8          3        1.5        1.5 01-SEP-07 31-AUG-09                                                                                                                                                                                                                                                                                                                                                                                                                                                                                                                                              
      1010          2        1.5        1.5          3 01-SEP-05 31-AUG-08                                                                                                                                                                                                                                                                                                                                                                                                                                                                                                                                              
      2222          3        1.5          0        1.5 01-SEP-06 31-AUG-07                                                                                                                                                                                                                                                                                                                                                                                                                                                                                                                                              

19 rows selected.

SQL>  SELECT P
  2   FROM PROFESOR NATURAL JOIN PLAN_DOCENTE NATURAL JOIN ASIGNATURA
  3  WHERE A='OPTIMIZACION' AND T='GII'
  4    4  ORDER BY P;
  4  ORDER BY P
  *
ERROR at line 4:
ORA-00933: SQL command not properly ended 


SQL>  SELECT P
  2   FROM PROFESOR NATURAL JOIN PLAN_DOCENTE NATURAL JOIN ASIGNATURA
  3  WHERE A='OPTIMIZACION' AND T='GII'
  4   ORDER BY P;

P                                                                                                                                                                                                                                                                                                                                                                                                                                                                                                                                                                                                                       
------------------------------------------------------------                                                                                                                                                                                                                                                                                                                                                                                                                                                                                                                                                            
JOSE MANUEL                                                                                                                                                                                                                                                                                                                                                                                                                                                                                                                                                                                                             
JUAN                                                                                                                                                                                                                                                                                                                                                                                                                                                                                                                                                                                                                    
JUAN                                                                                                                                                                                                                                                                                                                                                                                                                                                                                                                                                                                                                    

SQL>  SELECT P FROM PROFESOR NATURAL JOIN AREA NATURAL JOIN DEPARTAMENTO
  2   WHERE (D='MATEMATICA FUNDAMENTAL')
  3  ORDER BY P DESC;

P                                                                                                                                                                                                                                                                                                                                                                                                                                                                                                                                                                                                                       
------------------------------------------------------------                                                                                                                                                                                                                                                                                                                                                                                                                                                                                                                                                            
IVAN                                                                                                                                                                                                                                                                                                                                                                                                                                                                                                                                                                                                                    

SQL> 
SQL>  SELECT A FROM PLAN_DOCENTE NATURAL JOIN ASIGNATURA
  2   WHERE DNI='1010';

A                                                                                                                                                                                                                                                                                                                                                                                                                                                                                                                                                                                                                       
--------------------------------------------------                                                                                                                                                                                                                                                                                                                                                                                                                                                                                                                                                                      
INTELIGENCIA ARTIFICIAL                                                                                                                                                                                                                                                                                                                                                                                                                                                                                                                                                                                                 
GESTION DE RIESGOS                                                                                                                                                                                                                                                                                                                                                                                                                                                                                                                                                                                                      
GESTION DE RIESGOS                                                                                                                                                                                                                                                                                                                                                                                                                                                                                                                                                                                                      

SQL>  SELECT A
  2   FROM PLAN_DOCENTE NATURAL JOIN ASIGNATURA NATURAL JOIN PROFESOR
  3    3  WHERE P ='DAVID';
  3  WHERE P ='DAVID'
  *
ERROR at line 3:
ORA-00933: SQL command not properly ended 


SQL>  SELECT A
  2   FROM PLAN_DOCENTE NATURAL JOIN ASIGNATURA NATURAL JOIN PROFESOR
  3   WHERE P ='DAVID';

A                                                                                                                                                                                                                                                                                                                                                                                                                                                                                                                                                                                                                       
--------------------------------------------------                                                                                                                                                                                                                                                                                                                                                                                                                                                                                                                                                                      
INTELIGENCIA ARTIFICIAL                                                                                                                                                                                                                                                                                                                                                                                                                                                                                                                                                                                                 
GESTION DE RIESGOS                                                                                                                                                                                                                                                                                                                                                                                                                                                                                                                                                                                                      
GESTION DE RIESGOS                                                                                                                                                                                                                                                                                                                                                                                                                                                                                                                                                                                                      

SQL> 
SQL>  SELECT AR
  2   FROM AREA NATURAL JOIN DEPARTAMENTO
  3   WHERE D='ESTADISTICA, INVESTIGACION OPERATIVA Y COMPUTACION';

AR                                                                                                                                                                                                                                                                                                                                                                                                                                                                                                                                                                                                                      
------------------------------------------------------------                                                                                                                                                                                                                                                                                                                                                                                                                                                                                                                                                            
CIENCIAS DE LA COMPUTACION E INTELIGENCIA ARTIFICIAL                                                                                                                                                                                                                                                                                                                                                                                                                                                                                                                                                                    
ESTADISTICA E INVESTIGACION OPERATIVA                                                                                                                                                                                                                                                                                                                                                                                                                                                                                                                                                                                   
LENGUAJES Y SISTEMAS INFORMATICOS                                                                                                                                                                                                                                                                                                                                                                                                                                                                                                                                                                                       

SQL>  SELECT A
  2   FROM PLAN_DOCENTE NATURAL JOIN ASIGNATURA NATURAL JOIN PROFESOR
  3  WHERE (CAT='CU' AND FF IS NULL);

A                                                                                                                                                                                                                                                                                                                                                                                                                                                                                                                                                                                                                       
--------------------------------------------------                                                                                                                                                                                                                                                                                                                                                                                                                                                                                                                                                                      
OPTIMIZACION                                                                                                                                                                                                                                                                                                                                                                                                                                                                                                                                                                                                            
ALMACENES DE DATOS                                                                                                                                                                                                                                                                                                                                                                                                                                                                                                                                                                                                      

SQL>  SELECT A
  2   FROM PLAN_DOCENTE NATURAL JOIN ASIGNATURA NATURAL JOIN PROFESOR
  3    3  WHERE CAT='CU';
  3  WHERE CAT='CU'
  *
ERROR at line 3:
ORA-00933: SQL command not properly ended 


SQL>  SELECT A
  2   FROM PLAN_DOCENTE NATURAL JOIN ASIGNATURA NATURAL JOIN PROFESOR
  3   WHERE CAT='CU';

A                                                                                                                                                                                                                                                                                                                                                                                                                                                                                                                                                                                                                       
--------------------------------------------------                                                                                                                                                                                                                                                                                                                                                                                                                                                                                                                                                                      
OPTIMIZACION                                                                                                                                                                                                                                                                                                                                                                                                                                                                                                                                                                                                            
OPTIMIZACION                                                                                                                                                                                                                                                                                                                                                                                                                                                                                                                                                                                                            
ALMACENES DE DATOS                                                                                                                                                                                                                                                                                                                                                                                                                                                                                                                                                                                                      

SQL> 
SQL>  SELECT A
  2   FROM ASIGNATURA NATURAL JOIN AREA
  3    WHERE AR='LENGUAJES Y SISTEMAS INFORMATICOS' OR AR='CIENCIAS DE LA COMPUTACION E INTELIGENCIA ARTIFICIAL';

A                                                                                                                                                                                                                                                                                                                                                                                                                                                                                                                                                                                                                       
--------------------------------------------------                                                                                                                                                                                                                                                                                                                                                                                                                                                                                                                                                                      
BASES DE DATOS                                                                                                                                                                                                                                                                                                                                                                                                                                                                                                                                                                                                          
INTELIGENCIA ARTIFICIAL                                                                                                                                                                                                                                                                                                                                                                                                                                                                                                                                                                                                 
ALMACENES DE DATOS                                                                                                                                                                                                                                                                                                                                                                                                                                                                                                                                                                                                      
MINERIA DE DATOS                                                                                                                                                                                                                                                                                                                                                                                                                                                                                                                                                                                                        
INFORMATICA BASICA                                                                                                                                                                                                                                                                                                                                                                                                                                                                                                                                                                                                      
GESTION DE RIESGOS                                                                                                                                                                                                                                                                                                                                                                                                                                                                                                                                                                                                      

6 rows selected.

SQL>  SELECT P
  2   FROM PLAN_DOCENTE NATURAL JOIN PROFESOR NATURAL JOIN ASIGNATURA
  3    3  WHERE (T='GII' OR T='MII') AND FF IS NULL;
  3  WHERE (T='GII' OR T='MII') AND FF IS NULL
  *
ERROR at line 3:
ORA-00933: SQL command not properly ended 


SQL> 
SQL>  SELECT P
  2   FROM PLAN_DOCENTE NATURAL JOIN PROFESOR NATURAL JOIN ASIGNATURA
  3    WHERE (T='GII' OR T='MII') AND FF IS NULL;

P                                                                                                                                                                                                                                                                                                                                                                                                                                                                                                                                                                                                                       
------------------------------------------------------------                                                                                                                                                                                                                                                                                                                                                                                                                                                                                                                                                            
JUAN                                                                                                                                                                                                                                                                                                                                                                                                                                                                                                                                                                                                                    
CARLOS                                                                                                                                                                                                                                                                                                                                                                                                                                                                                                                                                                                                                  
PEDRO                                                                                                                                                                                                                                                                                                                                                                                                                                                                                                                                                                                                                   
PEDRO                                                                                                                                                                                                                                                                                                                                                                                                                                                                                                                                                                                                                   
MARIA                                                                                                                                                                                                                                                                                                                                                                                                                                                                                                                                                                                                                   
MARIA                                                                                                                                                                                                                                                                                                                                                                                                                                                                                                                                                                                                                   
IVAN                                                                                                                                                                                                                                                                                                                                                                                                                                                                                                                                                                                                                    
ANGELA                                                                                                                                                                                                                                                                                                                                                                                                                                                                                                                                                                                                                  
DAVID                                                                                                                                                                                                                                                                                                                                                                                                                                                                                                                                                                                                                   
SOLEDAD                                                                                                                                                                                                                                                                                                                                                                                                                                                                                                                                                                                                                 
JOSE MANUEL                                                                                                                                                                                                                                                                                                                                                                                                                                                                                                                                                                                                             

11 rows selected.

SQL>  SELECT P
  2   FROM PROFESOR
  3   WHERE DNI IN ((SELECT DNI
  4    FROM PLAN_DOCENTE
  5     WHERE CAS IN (SELECT CAS
  6     FROM ASIGNATURA
  7      WHERE T='GII'))
  8      INTERSECT (SELECT DNI
  9      FROM PLAN_DOCENTE
 10     WHERE CAS IN (SELECT CAS
 11     FROM ASIGNATURA
 12     WHERE T='MII')));

P                                                                                                                                                                                                                                                                                                                                                                                                                                                                                                                                                                                                                       
------------------------------------------------------------                                                                                                                                                                                                                                                                                                                                                                                                                                                                                                                                                            
MARIA                                                                                                                                                                                                                                                                                                                                                                                                                                                                                                                                                                                                                   

SQL>   SELECT P
  2   FROM PROFESOR
  3   WHERE DNI IN ((SELECT DNI
  4    FROM PLAN_DOCENTE
  5     WHERE FF IS NOT NULL)
  6    MINUS (SELECT DNI
  7     FROM PLAN_DOCENTE
  8     WHERE FF IS NULL));

P                                                                                                                                                                                                                                                                                                                                                                                                                                                                                                                                                                                                                       
------------------------------------------------------------                                                                                                                                                                                                                                                                                                                                                                                                                                                                                                                                                            
CARMEN                                                                                                                                                                                                                                                                                                                                                                                                                                                                                                                                                                                                                  

SQL> 
SQL>  SELECT A
  2   FROM ASIGNATURA
  3   WHERE T='GII';

A                                                                                                                                                                                                                                                                                                                                                                                                                                                                                                                                                                                                                       
--------------------------------------------------                                                                                                                                                                                                                                                                                                                                                                                                                                                                                                                                                                      
BASES DE DATOS                                                                                                                                                                                                                                                                                                                                                                                                                                                                                                                                                                                                          
INTELIGENCIA ARTIFICIAL                                                                                                                                                                                                                                                                                                                                                                                                                                                                                                                                                                                                 
INFORMATICA BASICA                                                                                                                                                                                                                                                                                                                                                                                                                                                                                                                                                                                                      
ALGEBRA                                                                                                                                                                                                                                                                                                                                                                                                                                                                                                                                                                                                                 
CALCULO                                                                                                                                                                                                                                                                                                                                                                                                                                                                                                                                                                                                                 
OPTIMIZACION                                                                                                                                                                                                                                                                                                                                                                                                                                                                                                                                                                                                            
GESTION DE RIESGOS                                                                                                                                                                                                                                                                                                                                                                                                                                                                                                                                                                                                      

7 rows selected.

SQL>  SELECT AR, A
  2   FROM AREA NATURAL JOIN ASIGNATURA;

AR                                                           A                                                                                                                                                                                                                                                                                                                                                                                                                                                                                                                                                          
------------------------------------------------------------ --------------------------------------------------                                                                                                                                                                                                                                                                                                                                                                                                                                                                                                         
LENGUAJES Y SISTEMAS INFORMATICOS                            BASES DE DATOS                                                                                                                                                                                                                                                                                                                                                                                                                                                                                                                                             
CIENCIAS DE LA COMPUTACION E INTELIGENCIA ARTIFICIAL         INTELIGENCIA ARTIFICIAL                                                                                                                                                                                                                                                                                                                                                                                                                                                                                                                                    
LENGUAJES Y SISTEMAS INFORMATICOS                            ALMACENES DE DATOS                                                                                                                                                                                                                                                                                                                                                                                                                                                                                                                                         
LENGUAJES Y SISTEMAS INFORMATICOS                            MINERIA DE DATOS                                                                                                                                                                                                                                                                                                                                                                                                                                                                                                                                           
LENGUAJES Y SISTEMAS INFORMATICOS                            INFORMATICA BASICA                                                                                                                                                                                                                                                                                                                                                                                                                                                                                                                                         
ALGEBRA                                                      ALGEBRA                                                                                                                                                                                                                                                                                                                                                                                                                                                                                                                                                    
MATEMATICA APLICADA                                          CALCULO                                                                                                                                                                                                                                                                                                                                                                                                                                                                                                                                                    
ESTADISTICA E INVESTIGACION OPERATIVA                        OPTIMIZACION                                                                                                                                                                                                                                                                                                                                                                                                                                                                                                                                               
CIENCIAS DE LA COMPUTACION E INTELIGENCIA ARTIFICIAL         GESTION DE RIESGOS                                                                                                                                                                                                                                                                                                                                                                                                                                                                                                                                         
ASTRONOMIA Y ASTROFISICA                                     ASTRONOMIA                                                                                                                                                                                                                                                                                                                                                                                                                                                                                                                                                 
DIDACTICA DE LA MATEMATICA                                   ENSENANZA DE LA MATEMATICA                                                                                                                                                                                                                                                                                                                                                                                                                                                                                                                                 

AR                                                           A                                                                                                                                                                                                                                                                                                                                                                                                                                                                                                                                                          
------------------------------------------------------------ --------------------------------------------------                                                                                                                                                                                                                                                                                                                                                                                                                                                                                                         
ANALISIS MATEMATICO                                          ANALISIS COMPLEJO                                                                                                                                                                                                                                                                                                                                                                                                                                                                                                                                          

12 rows selected.

SQL>  SELECT D,AR
  2   FROM DEPARTAMENTO NATURAL JOIN AREA
  3   ORDER BY D,AR;

D                                                            AR                                                                                                                                                                                                                                                                                                                                                                                                                                                                                                                                                         
------------------------------------------------------------ ------------------------------------------------------------                                                                                                                                                                                                                                                                                                                                                                                                                                                                                               
ANALISIS MATEMATICO                                          ANALISIS MATEMATICO                                                                                                                                                                                                                                                                                                                                                                                                                                                                                                                                        
ANALISIS MATEMATICO                                          DIDACTICA DE LA MATEMATICA                                                                                                                                                                                                                                                                                                                                                                                                                                                                                                                                 
ANALISIS MATEMATICO                                          MATEMATICA APLICADA                                                                                                                                                                                                                                                                                                                                                                                                                                                                                                                                        
ASTROFISICA                                                  ASTRONOMIA Y ASTROFISICA                                                                                                                                                                                                                                                                                                                                                                                                                                                                                                                                   
ESTADISTICA, INVESTIGACION OPERATIVA Y COMPUTACION           CIENCIAS DE LA COMPUTACION E INTELIGENCIA ARTIFICIAL                                                                                                                                                                                                                                                                                                                                                                                                                                                                                                       
ESTADISTICA, INVESTIGACION OPERATIVA Y COMPUTACION           ESTADISTICA E INVESTIGACION OPERATIVA                                                                                                                                                                                                                                                                                                                                                                                                                                                                                                                      
ESTADISTICA, INVESTIGACION OPERATIVA Y COMPUTACION           LENGUAJES Y SISTEMAS INFORMATICOS                                                                                                                                                                                                                                                                                                                                                                                                                                                                                                                          
MATEMATICA FUNDAMENTAL                                       ALGEBRA                                                                                                                                                                                                                                                                                                                                                                                                                                                                                                                                                    

8 rows selected.

SQL> 
SQL>  SELECT D,P
  2   FROM DEPARTAMENTO NATURAL JOIN AREA NATURAL JOIN PROFESOR
  3   ORDER BY D,P;

D                                                            P                                                                                                                                                                                                                                                                                                                                                                                                                                                                                                                                                          
------------------------------------------------------------ ------------------------------------------------------------                                                                                                                                                                                                                                                                                                                                                                                                                                                                                               
ANALISIS MATEMATICO                                          ANGELA                                                                                                                                                                                                                                                                                                                                                                                                                                                                                                                                                     
ANALISIS MATEMATICO                                          FRANCISCO                                                                                                                                                                                                                                                                                                                                                                                                                                                                                                                                                  
ANALISIS MATEMATICO                                          MARIO                                                                                                                                                                                                                                                                                                                                                                                                                                                                                                                                                      
ASTROFISICA                                                  CARMEN                                                                                                                                                                                                                                                                                                                                                                                                                                                                                                                                                     
ESTADISTICA, INVESTIGACION OPERATIVA Y COMPUTACION           CARLOS                                                                                                                                                                                                                                                                                                                                                                                                                                                                                                                                                     
ESTADISTICA, INVESTIGACION OPERATIVA Y COMPUTACION           DAVID                                                                                                                                                                                                                                                                                                                                                                                                                                                                                                                                                      
ESTADISTICA, INVESTIGACION OPERATIVA Y COMPUTACION           JOSE MANUEL                                                                                                                                                                                                                                                                                                                                                                                                                                                                                                                                                
ESTADISTICA, INVESTIGACION OPERATIVA Y COMPUTACION           JUAN                                                                                                                                                                                                                                                                                                                                                                                                                                                                                                                                                       
ESTADISTICA, INVESTIGACION OPERATIVA Y COMPUTACION           MARIA                                                                                                                                                                                                                                                                                                                                                                                                                                                                                                                                                      
ESTADISTICA, INVESTIGACION OPERATIVA Y COMPUTACION           PEDRO                                                                                                                                                                                                                                                                                                                                                                                                                                                                                                                                                      
ESTADISTICA, INVESTIGACION OPERATIVA Y COMPUTACION           SOLEDAD                                                                                                                                                                                                                                                                                                                                                                                                                                                                                                                                                    

D                                                            P                                                                                                                                                                                                                                                                                                                                                                                                                                                                                                                                                          
------------------------------------------------------------ ------------------------------------------------------------                                                                                                                                                                                                                                                                                                                                                                                                                                                                                               
MATEMATICA FUNDAMENTAL                                       IVAN                                                                                                                                                                                                                                                                                                                                                                                                                                                                                                                                                       

12 rows selected.

SQL> spool off
